{
  "accuracy": 0.5550500454959054,
  "macro_f1": 0.5367866449848849,
  "per_class": {
    "baseline": {
      "precision": 0.7731958762886598,
      "recall": 0.3852739726027397,
      "f1": 0.5142857142857142,
      "support": 584
    },
    "stress": {
      "precision": 0.6885245901639344,
      "recall": 0.8776119402985074,
      "f1": 0.7716535433070867,
      "support": 335
    },
    "amusement": {
      "precision": 0.2388451443569554,
      "recall": 0.5055555555555555,
      "f1": 0.3244206773618538,
      "support": 180
    }
  },
  "confusion_matrix": [
    [
      225,
      94,
      265
    ],
    [
      16,
      294,
      25
    ],
    [
      50,
      39,
      91
    ]
  ],
  "class_order": [
    "baseline",
    "stress",
    "amusement"
  ],
  "num_test_samples": 1099
}