{
  "accuracy": 0.7195402298850575,
  "macro_f1": 0.520591406736847,
  "per_class": {
    "baseline": {
      "precision": 0.7313026250619118,
      "recall": 0.8836026331538002,
      "f1": 0.8002710027100272,
      "support": 3342
    },
    "stress": {
      "precision": 0.7175995965708523,
      "recall": 0.7844542447629548,
      "f1": 0.7495391098235449,
      "support": 1814
    },
    "amusement": {
      "precision": 0.08695652173913043,
      "recall": 0.006423982869379015,
      "f1": 0.011964107676969092,
      "support": 934
    }
  },
  "confusion_matrix": [
    [
      2953,
      343,
      46
    ],
    [
      374,
      1423,
      17
    ],
    [
      711,
      217,
      6
    ]
  ],
  "class_order": [
    "baseline",
    "stress",
    "amusement"
  ],
  "num_test_samples": 6090
}