{
  "accuracy": 0.6870279146141215,
  "macro_f1": 0.5405037287405975,
  "per_class": {
    "baseline": {
      "precision": 0.7230454777721002,
      "recall": 0.8467983243566727,
      "f1": 0.7800441014332965,
      "support": 3342
    },
    "stress": {
      "precision": 0.6807588075880758,
      "recall": 0.6923925027563396,
      "f1": 0.6865263733260453,
      "support": 1814
    },
    "amusement": {
      "precision": 0.29607250755287007,
      "recall": 0.10492505353319058,
      "f1": 0.1549407114624506,
      "support": 934
    }
  },
  "confusion_matrix": [
    [
      2830,
      392,
      120
    ],
    [
      445,
      1256,
      113
    ],
    [
      639,
      197,
      98
    ]
  ],
  "class_order": [
    "baseline",
    "stress",
    "amusement"
  ],
  "num_test_samples": 6090
}