{
  "accuracy": 0.8495894909688013,
  "macro_f1": 0.8185147229623557,
  "per_class": {
    "non-stress": {
      "precision": 0.8876326718966313,
      "recall": 0.8996725912067353,
      "f1": 0.8936120789779326,
      "support": 4276
    },
    "stress": {
      "precision": 0.7556947608200456,
      "recall": 0.7315325248070562,
      "f1": 0.7434173669467787,
      "support": 1814
    }
  },
  "confusion_matrix": [
    [
      3847,
      429
    ],
    [
      487,
      1327
    ]
  ],
  "class_order": [
    "non-stress",
    "stress"
  ],
  "num_test_samples": 6090
}