{
  "accuracy": 0.599671592775041,
  "macro_f1": 0.5623185992989109,
  "per_class": {
    "baseline": {
      "precision": 0.7858610768598439,
      "recall": 0.5721125074805505,
      "f1": 0.6621645021645022,
      "support": 3342
    },
    "stress": {
      "precision": 0.6157184185149469,
      "recall": 0.7039691289966924,
      "f1": 0.6568930041152263,
      "support": 1814
    },
    "amusement": {
      "precision": 0.29248262792166774,
      "recall": 0.49571734475374735,
      "f1": 0.36789829161700444,
      "support": 934
    }
  },
  "confusion_matrix": [
    [
      1912,
      683,
      747
    ],
    [
      164,
      1277,
      373
    ],
    [
      357,
      114,
      463
    ]
  ],
  "class_order": [
    "baseline",
    "stress",
    "amusement"
  ],
  "num_test_samples": 6090
}