{
  "accuracy": 0.6942675159235668,
  "macro_f1": 0.5921851388334884,
  "per_class": {
    "baseline": {
      "precision": 0.722473604826546,
      "recall": 0.8202054794520548,
      "f1": 0.7682437850842022,
      "support": 584
    },
    "stress": {
      "precision": 0.6349614395886889,
      "recall": 0.7373134328358208,
      "f1": 0.6823204419889503,
      "support": 335
    },
    "amusement": {
      "precision": 0.7872340425531915,
      "recall": 0.20555555555555555,
      "f1": 0.32599118942731276,
      "support": 180
    }
  },
  "confusion_matrix": [
    [
      479,
      95,
      10
    ],
    [
      88,
      247,
      0
    ],
    [
      96,
      47,
      37
    ]
  ],
  "class_order": [
    "baseline",
    "stress",
    "amusement"
  ],
  "num_test_samples": 1099
}