{
  "accuracy": 0.7697907188353048,
  "macro_f1": 0.6979408042324593,
  "per_class": {
    "non-stress": {
      "precision": 0.7933409873708381,
      "recall": 0.9044502617801047,
      "f1": 0.8452599388379205,
      "support": 764
    },
    "stress": {
      "precision": 0.6798245614035088,
      "recall": 0.4626865671641791,
      "f1": 0.5506216696269982,
      "support": 335
    }
  },
  "confusion_matrix": [
    [
      691,
      73
    ],
    [
      180,
      155
    ]
  ],
  "class_order": [
    "non-stress",
    "stress"
  ],
  "num_test_samples": 1099
}