{
  "variant": "binary",
  "model_type": "one-vs-rest linear SVM trained with NumPy SGD",
  "feature_columns": [
    "mean",
    "std",
    "min",
    "max",
    "median",
    "range",
    "energy",
    "rms",
    "skewness",
    "kurtosis"
  ],
  "class_order": [
    "non-stress",
    "stress"
  ],
  "train_subjects": [
    "S2",
    "S3",
    "S4",
    "S5",
    "S6",
    "S7",
    "S8",
    "S9",
    "S10",
    "S11"
  ],
  "test_subjects": [
    "S13",
    "S14",
    "S15",
    "S16",
    "S17"
  ],
  "num_train_samples": 2157,
  "num_test_samples": 1099,
  "standardization_mean": [
    0.0014468024471788895,
    44.976169908689265,
    -179.85124187139914,
    165.21035640695226,
    3.2400341312322967,
    345.0615982783513,
    4622538.332428871,
    44.97982634318147,
    -0.24729718293702488,
    3.4523605330575546
  ],
  "standardization_std": [
    0.7163323613941491,
    39.849580655378944,
    184.6096232946026,
    169.6034433765839,
    3.7050785046280295,
    345.2424077735687,
    10136125.426645128,
    39.851891979519536,
    0.7131348556126272,
    5.7394565000702364
  ],
  "weights": [
    [
      -0.16210269262797095,
      -0.783812935449422,
      -0.21524030538045785,
      0.7706268180227781,
      1.3473056989809824,
      0.493671663015659,
      -0.30626816162984305,
      -0.7824497699749152,
      -0.07492879265039165,
      -0.23711862522215196
    ],
    [
      0.16210269262797095,
      0.783812935449422,
      0.21524030538045785,
      -0.7706268180227781,
      -1.3473056989809824,
      -0.493671663015659,
      0.30626816162984305,
      0.7824497699749152,
      0.07492879265039165,
      0.23711862522215196
    ]
  ],
  "biases": [
    0.9325328669448656,
    -0.9325328669448656
  ]
}